No,Healthy,HBVI,CHB,LC
1,OTU_1,OTU_1,OTU_1,OTU_1
2,OTU_18,OTU_18,OTU_18,OTU_18
3,OTU_17,OTU_17,OTU_17,OTU_17
4,OTU_136,OTU_136,OTU_136,OTU_136
5,OTU_69,OTU_69,OTU_69,OTU_69
6,OTU_49,OTU_49,OTU_49,OTU_49
7,OTU_222,OTU_222,OTU_222,OTU_222
8,OTU_59,OTU_59,OTU_59,OTU_59
9,OTU_82,OTU_82,OTU_82,OTU_82
10,OTU_44,OTU_44,OTU_44,OTU_44
11,OTU_56,OTU_56,OTU_56,OTU_56
12,OTU_89,OTU_89,OTU_89,OTU_89
13,OTU_2,OTU_2,OTU_2,OTU_2
14,OTU_76,OTU_76,OTU_76,OTU_76
15,OTU_13,OTU_13,OTU_13,OTU_13
16,OTU_7,OTU_7,OTU_7,OTU_7
17,OTU_20,OTU_20,OTU_20,OTU_20
18,OTU_40,OTU_40,OTU_40,OTU_40
19,OTU_61,OTU_61,OTU_61,OTU_61
20,OTU_150,OTU_150,OTU_150,OTU_150
21,OTU_6,OTU_6,OTU_6,OTU_6
22,OTU_394,OTU_394,OTU_394,OTU_394
23,OTU_35,OTU_35,OTU_35,OTU_35
24,OTU_159,OTU_159,OTU_159,OTU_159
25,OTU_214,OTU_214,OTU_214,OTU_214
26,OTU_652,OTU_652,OTU_652,OTU_652
27,OTU_79,OTU_79,OTU_79,OTU_79
28,OTU_30,OTU_30,OTU_30,OTU_30
29,OTU_33,OTU_33,OTU_33,OTU_33
30,OTU_75,OTU_75,OTU_75,OTU_75
31,OTU_8,OTU_8,OTU_8,OTU_8
32,OTU_34,OTU_34,OTU_34,OTU_34
33,OTU_68,OTU_68,OTU_68,OTU_68
34,OTU_519,OTU_519,OTU_519,OTU_519
35,OTU_1226,OTU_1226,OTU_1226,OTU_1226
36,OTU_10,OTU_10,OTU_10,OTU_10
37,OTU_24,OTU_24,OTU_24,OTU_24
38,OTU_128,OTU_128,OTU_128,OTU_128
39,OTU_571,OTU_571,OTU_571,OTU_571
40,OTU_473,OTU_473,OTU_473,OTU_473
41,OTU_113,OTU_113,OTU_113,OTU_113
42,OTU_135,OTU_254,OTU_254,OTU_254
43,OTU_175,OTU_135,OTU_135,OTU_135
44,OTU_238,OTU_175,OTU_175,OTU_175
45,OTU_112,OTU_238,OTU_238,OTU_238
46,OTU_309,OTU_112,OTU_112,OTU_112
47,OTU_1091,OTU_309,OTU_309,OTU_309
48,OTU_144,OTU_1091,OTU_1091,OTU_1091
49,OTU_704,OTU_144,OTU_144,OTU_144
50,OTU_207,OTU_704,OTU_704,OTU_704
51,OTU_194,OTU_207,OTU_207,OTU_207
52,OTU_4,OTU_194,OTU_194,OTU_194
53,OTU_162,OTU_4,OTU_4,OTU_4
54,OTU_1031,OTU_162,OTU_162,OTU_162
55,OTU_11,OTU_1031,OTU_1031,OTU_1031
56,OTU_1063,OTU_11,OTU_11,OTU_11
57,OTU_357,OTU_1063,OTU_1063,OTU_1063
58,OTU_28,OTU_357,OTU_357,OTU_357
59,OTU_140,OTU_486,OTU_486,OTU_486
60,OTU_147,OTU_28,OTU_28,OTU_28
61,OTU_127,OTU_140,OTU_592,OTU_592
62,OTU_499,OTU_147,OTU_140,OTU_140
63,OTU_451,OTU_127,OTU_147,OTU_147
64,OTU_156,OTU_499,OTU_127,OTU_127
65,OTU_256,OTU_451,OTU_499,OTU_499
66,OTU_37,OTU_156,OTU_451,OTU_451
67,OTU_161,OTU_256,OTU_156,OTU_156
68,OTU_397,OTU_37,OTU_256,OTU_256
69,OTU_36,OTU_161,OTU_37,OTU_37
70,OTU_271,OTU_397,OTU_161,OTU_161
71,OTU_15,OTU_36,OTU_397,OTU_397
72,OTU_232,OTU_271,OTU_36,OTU_36
73,OTU_80,OTU_15,OTU_271,OTU_271
74,OTU_225,OTU_232,OTU_935,OTU_935
75,OTU_632,OTU_80,OTU_15,OTU_15
76,OTU_790,OTU_225,OTU_232,OTU_232
77,OTU_457,OTU_632,OTU_80,OTU_80
78,OTU_477,OTU_790,OTU_225,OTU_225
79,OTU_191,OTU_457,OTU_632,OTU_632
80,OTU_14,OTU_477,OTU_790,OTU_790
81,OTU_313,OTU_191,OTU_457,OTU_457
82,OTU_481,OTU_14,OTU_477,OTU_477
83,OTU_47,OTU_313,OTU_191,OTU_191
84,OTU_636,OTU_481,OTU_14,OTU_14
85,OTU_678,OTU_47,OTU_313,OTU_313
86,OTU_176,OTU_636,OTU_707,OTU_707
87,OTU_21,OTU_678,OTU_749,OTU_749
88,OTU_1143,OTU_176,OTU_1187,OTU_1187
89,OTU_639,OTU_21,OTU_481,OTU_481
90,OTU_103,OTU_1027,OTU_47,OTU_47
91,OTU_152,OTU_1143,OTU_636,OTU_636
92,OTU_74,OTU_907,OTU_678,OTU_678
93,OTU_1083,OTU_639,OTU_176,OTU_176
94,OTU_12,OTU_103,OTU_21,OTU_21
95,OTU_46,OTU_152,OTU_1027,OTU_1027
96,OTU_279,OTU_74,OTU_1143,OTU_1143
97,OTU_1071,OTU_1083,OTU_907,OTU_907
98,OTU_720,OTU_12,OTU_639,OTU_639
99,OTU_434,OTU_46,OTU_103,OTU_103
100,OTU_226,OTU_279,OTU_152,OTU_152
101,OTU_205,OTU_1071,OTU_74,OTU_74
102,OTU_117,OTU_720,OTU_1083,OTU_1083
103,OTU_71,OTU_434,OTU_12,OTU_12
104,OTU_315,OTU_226,OTU_46,OTU_46
105,OTU_3,OTU_205,OTU_279,OTU_279
106,OTU_104,OTU_117,OTU_1071,OTU_1071
107,OTU_98,OTU_71,OTU_1003,OTU_720
108,OTU_63,OTU_315,OTU_720,OTU_434
109,OTU_60,OTU_3,OTU_434,OTU_226
110,OTU_308,OTU_104,OTU_226,OTU_205
111,OTU_53,OTU_98,OTU_205,OTU_117
112,OTU_50,OTU_63,OTU_117,OTU_71
113,OTU_41,OTU_60,OTU_71,OTU_582
114,OTU_29,OTU_308,OTU_582,OTU_315
115,OTU_9,OTU_53,OTU_315,OTU_3
116,OTU_1208,OTU_50,OTU_3,OTU_104
117,OTU_302,OTU_41,OTU_104,OTU_98
118,OTU_86,OTU_29,OTU_98,OTU_63
119,OTU_160,OTU_9,OTU_63,OTU_60
120,OTU_101,OTU_1208,OTU_60,OTU_308
121,OTU_73,OTU_302,OTU_308,OTU_53
122,OTU_1156,OTU_86,OTU_53,OTU_50
123,OTU_290,OTU_160,OTU_50,OTU_41
124,OTU_52,OTU_101,OTU_41,OTU_29
125,OTU_64,OTU_73,OTU_29,OTU_9
126,OTU_107,OTU_1156,OTU_9,OTU_1208
127,OTU_444,OTU_290,OTU_1208,OTU_302
128,OTU_443,OTU_52,OTU_302,OTU_86
129,OTU_930,OTU_64,OTU_86,OTU_160
130,OTU_32,OTU_107,OTU_160,OTU_101
131,OTU_120,OTU_444,OTU_101,OTU_73
132,OTU_182,OTU_443,OTU_73,OTU_1156
133,OTU_1073,OTU_930,OTU_1156,OTU_290
134,OTU_187,OTU_32,OTU_290,OTU_52
135,OTU_114,OTU_120,OTU_52,OTU_64
136,OTU_171,OTU_182,OTU_64,OTU_107
137,OTU_244,OTU_1073,OTU_107,OTU_444
138,OTU_198,OTU_187,OTU_444,OTU_443
139,OTU_57,OTU_114,OTU_443,OTU_930
140,OTU_662,OTU_171,OTU_930,OTU_32
141,OTU_115,OTU_244,OTU_32,OTU_120
142,OTU_1169,OTU_198,OTU_120,OTU_182
143,OTU_81,OTU_57,OTU_182,OTU_1073
144,OTU_972,OTU_662,OTU_1073,OTU_187
145,OTU_31,OTU_115,OTU_187,OTU_114
146,OTU_1103,OTU_1169,OTU_114,OTU_171
147,OTU_237,OTU_81,OTU_171,OTU_244
148,OTU_45,OTU_972,OTU_244,OTU_198
149,OTU_25,OTU_31,OTU_198,OTU_57
150,OTU_5,OTU_1103,OTU_57,OTU_662
151,OTU_70,OTU_237,OTU_662,OTU_115
152,OTU_83,OTU_45,OTU_115,OTU_1169
153,OTU_461,OTU_25,OTU_1169,OTU_81
154,OTU_594,OTU_5,OTU_81,OTU_972
155,OTU_177,OTU_204,OTU_972,OTU_31
156,OTU_961,OTU_70,OTU_31,OTU_1103
157,OTU_133,OTU_83,OTU_1103,OTU_237
158,OTU_123,OTU_461,OTU_237,OTU_45
159,OTU_195,OTU_594,OTU_45,OTU_25
160,OTU_284,OTU_177,OTU_25,OTU_5
161,OTU_487,OTU_961,OTU_5,OTU_204
162,OTU_386,OTU_717,OTU_204,OTU_70
163,OTU_93,OTU_133,OTU_70,OTU_83
164,OTU_926,OTU_123,OTU_83,OTU_461
165,OTU_334,OTU_195,OTU_461,OTU_594
166,OTU_1222,OTU_284,OTU_594,OTU_177
167,OTU_641,OTU_487,OTU_177,OTU_961
168,OTU_366,OTU_386,OTU_961,OTU_717
169,OTU_167,OTU_93,OTU_717,OTU_133
170,OTU_1212,OTU_926,OTU_133,OTU_123
171,OTU_861,OTU_334,OTU_123,OTU_195
172,OTU_424,OTU_1222,OTU_195,OTU_284
173,OTU_209,OTU_641,OTU_284,OTU_487
174,OTU_745,OTU_366,OTU_487,OTU_386
175,OTU_332,OTU_167,OTU_386,OTU_93
176,OTU_158,OTU_1212,OTU_93,OTU_926
177,OTU_67,OTU_861,OTU_926,OTU_334
178,OTU_246,OTU_424,OTU_334,OTU_1222
179,OTU_1228,OTU_209,OTU_1222,OTU_641
180,OTU_146,OTU_660,OTU_641,OTU_366
181,OTU_110,OTU_745,OTU_366,OTU_167
182,OTU_19,OTU_332,OTU_167,OTU_1212
183,OTU_54,OTU_158,OTU_1212,OTU_861
184,OTU_285,OTU_67,OTU_861,OTU_424
185,OTU_776,OTU_246,OTU_424,OTU_209
186,OTU_1011,OTU_1228,OTU_209,OTU_745
187,OTU_124,OTU_146,OTU_660,OTU_332
188,OTU_105,OTU_110,OTU_745,OTU_158
189,OTU_122,OTU_19,OTU_332,OTU_67
190,OTU_72,OTU_54,OTU_158,OTU_246
191,OTU_416,OTU_285,OTU_67,OTU_1228
192,OTU_23,OTU_1011,OTU_246,OTU_146
193,OTU_469,OTU_124,OTU_1228,OTU_110
194,OTU_341,OTU_105,OTU_146,OTU_19
195,OTU_456,OTU_706,OTU_110,OTU_54
196,OTU_429,OTU_122,OTU_19,OTU_285
197,OTU_570,OTU_72,OTU_54,OTU_776
198,OTU_312,OTU_416,OTU_285,OTU_1011
199,OTU_820,OTU_23,OTU_776,OTU_124
200,OTU_77,OTU_469,OTU_1011,OTU_105
201,OTU_16,OTU_341,OTU_124,OTU_706
202,OTU_1105,OTU_456,OTU_105,OTU_122
203,OTU_677,OTU_429,OTU_706,OTU_72
204,OTU_157,OTU_570,OTU_122,OTU_416
205,OTU_1202,OTU_903,OTU_72,OTU_23
206,OTU_496,OTU_312,OTU_416,OTU_469
207,OTU_426,OTU_1184,OTU_23,OTU_250
208,OTU_1012,OTU_820,OTU_469,OTU_659
209,OTU_409,OTU_77,OTU_250,OTU_341
210,OTU_806,OTU_16,OTU_659,OTU_456
211,OTU_450,OTU_1105,OTU_341,OTU_429
212,OTU_42,OTU_677,OTU_456,OTU_570
213,OTU_48,OTU_157,OTU_429,OTU_903
214,OTU_22,OTU_1202,OTU_570,OTU_312
215,OTU_66,OTU_496,OTU_903,OTU_1184
216,OTU_163,OTU_426,OTU_312,OTU_835
217,OTU_181,OTU_409,OTU_1184,OTU_820
218,OTU_657,OTU_247,OTU_835,OTU_77
219,OTU_111,OTU_450,OTU_820,OTU_16
220,OTU_62,OTU_42,OTU_77,OTU_1105
221,OTU_166,OTU_48,OTU_16,OTU_677
222,OTU_383,OTU_22,OTU_1105,OTU_157
223,OTU_1101,OTU_66,OTU_677,OTU_1202
224,OTU_43,OTU_163,OTU_157,OTU_496
225,OTU_55,OTU_181,OTU_1202,OTU_426
226,OTU_26,OTU_657,OTU_496,OTU_1012
227,OTU_347,OTU_111,OTU_426,OTU_409
228,OTU_99,OTU_62,OTU_1012,OTU_806
229,OTU_87,OTU_166,OTU_409,OTU_450
230,OTU_635,OTU_383,OTU_247,OTU_42
231,OTU_326,OTU_393,OTU_806,OTU_48
232,OTU_174,OTU_1101,OTU_450,OTU_22
233,OTU_78,OTU_43,OTU_42,OTU_66
234,OTU_178,OTU_55,OTU_48,OTU_163
235,OTU_612,OTU_26,OTU_22,OTU_657
236,OTU_513,OTU_347,OTU_66,OTU_111
237,OTU_245,OTU_99,OTU_163,OTU_62
238,OTU_634,OTU_87,OTU_181,OTU_166
239,OTU_231,OTU_635,OTU_657,OTU_383
240,OTU_296,OTU_326,OTU_111,OTU_393
241,OTU_165,OTU_174,OTU_62,OTU_1101
242,OTU_212,OTU_78,OTU_166,OTU_43
243,OTU_141,OTU_178,OTU_383,OTU_55
244,OTU_186,OTU_612,OTU_393,OTU_26
245,OTU_405,OTU_513,OTU_1101,OTU_347
246,OTU_185,OTU_245,OTU_43,OTU_99
247,OTU_94,OTU_634,OTU_55,OTU_87
248,OTU_910,OTU_231,OTU_26,OTU_635
249,OTU_350,OTU_165,OTU_347,OTU_326
250,OTU_325,OTU_212,OTU_99,OTU_174
251,OTU_262,OTU_141,OTU_87,OTU_78
252,OTU_173,OTU_186,OTU_635,OTU_178
253,OTU_1002,OTU_405,OTU_326,OTU_612
254,OTU_142,OTU_185,OTU_174,OTU_634
255,OTU_143,OTU_94,OTU_78,OTU_231
256,OTU_339,OTU_910,OTU_178,OTU_165
257,OTU_119,OTU_350,OTU_612,OTU_212
258,OTU_623,OTU_325,OTU_513,OTU_141
259,OTU_39,OTU_262,OTU_664,OTU_186
260,OTU_511,OTU_173,OTU_245,OTU_405
261,OTU_694,OTU_1002,OTU_634,OTU_185
262,OTU_1018,OTU_142,OTU_231,OTU_94
263,OTU_789,OTU_143,OTU_296,OTU_910
264,OTU_168,OTU_339,OTU_165,OTU_350
265,OTU_287,OTU_119,OTU_212,OTU_325
266,OTU_604,OTU_623,OTU_141,OTU_262
267,OTU_369,OTU_39,OTU_186,OTU_173
268,OTU_188,OTU_511,OTU_405,OTU_1002
269,OTU_843,OTU_694,OTU_185,OTU_142
270,OTU_192,OTU_1018,OTU_94,OTU_143
271,OTU_622,OTU_789,OTU_910,OTU_339
272,OTU_84,OTU_168,OTU_350,OTU_119
273,OTU_620,OTU_287,OTU_325,OTU_623
274,OTU_1092,OTU_604,OTU_262,OTU_39
275,OTU_1004,OTU_369,OTU_173,OTU_511
276,OTU_515,OTU_188,OTU_1002,OTU_694
277,OTU_572,OTU_843,OTU_142,OTU_1018
278,OTU_294,OTU_192,OTU_143,OTU_789
279,OTU_240,OTU_622,OTU_339,OTU_168
280,OTU_971,OTU_84,OTU_119,OTU_287
281,OTU_715,OTU_1049,OTU_623,OTU_369
282,OTU_787,OTU_620,OTU_39,OTU_188
283,OTU_528,OTU_1092,OTU_511,OTU_843
284,OTU_1223,OTU_1004,OTU_694,OTU_192
285,OTU_747,OTU_233,OTU_1018,OTU_622
286,OTU_65,OTU_515,OTU_789,OTU_84
287,OTU_132,OTU_572,OTU_168,OTU_1004
288,OTU_714,OTU_294,OTU_287,OTU_233
289,OTU_298,OTU_240,OTU_604,OTU_572
290,OTU_401,OTU_971,OTU_369,OTU_294
291,OTU_763,OTU_715,OTU_188,OTU_240
292,OTU_417,OTU_528,OTU_843,OTU_971
293,OTU_522,OTU_1223,OTU_1104,OTU_715
294,OTU_267,OTU_747,OTU_192,OTU_528
295,OTU_980,OTU_65,OTU_622,OTU_747
296,OTU_338,OTU_132,OTU_84,OTU_65
297,OTU_197,OTU_714,OTU_1049,OTU_132
298,OTU_597,OTU_298,OTU_836,OTU_298
299,OTU_206,OTU_401,OTU_1171,OTU_763
300,OTU_609,OTU_763,OTU_620,OTU_417
301,OTU_109,OTU_417,OTU_1092,OTU_522
302,OTU_91,OTU_431,OTU_1004,OTU_267
303,OTU_606,OTU_522,OTU_233,OTU_980
304,OTU_241,OTU_267,OTU_515,OTU_338
305,OTU_595,OTU_980,OTU_572,OTU_197
306,OTU_172,OTU_338,OTU_294,OTU_597
307,OTU_148,OTU_197,OTU_240,OTU_206
308,OTU_303,OTU_597,OTU_1100,OTU_609
309,OTU_524,OTU_206,OTU_971,OTU_109
310,OTU_753,OTU_609,OTU_715,OTU_91
311,OTU_437,OTU_109,OTU_787,OTU_606
312,OTU_389,OTU_91,OTU_528,OTU_644
313,OTU_825,OTU_606,OTU_1223,OTU_241
314,OTU_248,OTU_644,OTU_747,OTU_595
315,OTU_1057,OTU_241,OTU_65,OTU_172
316,OTU_253,OTU_595,OTU_132,OTU_148
317,OTU_851,OTU_172,OTU_714,OTU_303
318,OTU_490,OTU_148,OTU_298,OTU_524
319,OTU_517,OTU_303,OTU_401,OTU_753
320,OTU_268,OTU_524,OTU_763,OTU_437
321,OTU_742,OTU_753,OTU_417,OTU_389
322,OTU_621,OTU_437,OTU_431,OTU_825
323,OTU_453,OTU_389,OTU_522,OTU_248
324,OTU_489,OTU_825,OTU_267,OTU_1057
325,OTU_203,OTU_248,OTU_980,OTU_253
326,OTU_336,OTU_1057,OTU_338,OTU_851
327,OTU_352,OTU_253,OTU_197,OTU_490
328,OTU_169,OTU_851,OTU_597,OTU_517
329,OTU_1025,OTU_490,OTU_206,OTU_268
330,OTU_403,OTU_517,OTU_609,OTU_621
331,OTU_100,OTU_268,OTU_109,OTU_453
332,OTU_1106,OTU_742,OTU_91,OTU_489
333,OTU_468,OTU_621,OTU_606,OTU_203
334,OTU_1065,OTU_453,OTU_644,OTU_336
335,OTU_552,OTU_489,OTU_241,OTU_352
336,OTU_88,OTU_958,OTU_595,OTU_169
337,OTU_957,OTU_203,OTU_172,OTU_1025
338,OTU_317,OTU_336,OTU_148,OTU_403
339,OTU_460,OTU_352,OTU_303,OTU_100
340,OTU_432,OTU_169,OTU_524,OTU_1106
341,OTU_439,OTU_403,OTU_1213,OTU_468
342,OTU_118,OTU_100,OTU_753,OTU_552
343,OTU_758,OTU_1106,OTU_437,OTU_88
344,OTU_702,OTU_468,OTU_389,OTU_957
345,OTU_567,OTU_1065,OTU_825,OTU_317
346,OTU_687,OTU_552,OTU_248,OTU_460
347,OTU_596,OTU_88,OTU_1057,OTU_432
348,OTU_544,OTU_957,OTU_253,OTU_439
349,OTU_712,OTU_317,OTU_851,OTU_118
350,OTU_538,OTU_460,OTU_490,OTU_280
351,OTU_179,OTU_432,OTU_517,OTU_687
352,OTU_683,OTU_439,OTU_268,OTU_596
353,OTU_1180,OTU_758,OTU_742,OTU_544
354,OTU_342,OTU_702,OTU_621,OTU_538
355,OTU_38,OTU_280,OTU_453,OTU_179
356,OTU_464,OTU_567,OTU_489,OTU_1180
357,OTU_531,OTU_687,OTU_958,OTU_467
358,OTU_458,OTU_596,OTU_203,OTU_342
359,OTU_210,OTU_544,OTU_336,OTU_38
360,OTU_316,OTU_712,OTU_833,OTU_464
361,OTU_548,OTU_538,OTU_352,OTU_531
362,OTU_211,OTU_179,OTU_169,OTU_458
363,OTU_291,OTU_683,OTU_1025,OTU_210
364,OTU_701,OTU_1180,OTU_403,OTU_316
365,OTU_293,OTU_467,OTU_100,OTU_548
366,OTU_92,OTU_342,OTU_1106,OTU_211
367,OTU_947,OTU_38,OTU_468,OTU_348
368,OTU_154,OTU_464,OTU_1065,OTU_701
369,OTU_462,OTU_531,OTU_552,OTU_939
370,OTU_743,OTU_458,OTU_88,OTU_293
371,OTU_292,OTU_210,OTU_957,OTU_92
372,OTU_488,OTU_316,OTU_1130,OTU_947
373,OTU_721,OTU_548,OTU_317,OTU_154
374,OTU_762,OTU_834,OTU_460,OTU_462
375,OTU_580,OTU_211,OTU_432,OTU_743
376,OTU_108,OTU_291,OTU_439,OTU_292
377,OTU_1119,OTU_348,OTU_118,OTU_488
378,OTU_878,OTU_701,OTU_758,OTU_721
379,OTU_607,OTU_293,OTU_702,OTU_762
380,OTU_130,OTU_92,OTU_280,OTU_580
381,OTU_466,OTU_947,OTU_567,OTU_108
382,OTU_1198,OTU_154,OTU_687,OTU_1119
383,OTU_324,OTU_462,OTU_596,OTU_881
384,OTU_759,OTU_743,OTU_544,OTU_878
385,OTU_134,OTU_292,OTU_712,OTU_419
386,OTU_653,OTU_488,OTU_538,OTU_607
387,OTU_97,OTU_721,OTU_179,OTU_807
388,OTU_320,OTU_762,OTU_683,OTU_1124
389,OTU_618,OTU_580,OTU_1180,OTU_130
390,OTU_560,OTU_108,OTU_467,OTU_466
391,OTU_539,OTU_1119,OTU_342,OTU_1198
392,OTU_679,OTU_881,OTU_38,OTU_324
393,OTU_818,OTU_878,OTU_464,OTU_435
394,OTU_1035,OTU_419,OTU_531,OTU_759
395,OTU_610,OTU_607,OTU_458,OTU_1148
396,OTU_845,OTU_1124,OTU_210,OTU_134
397,OTU_243,OTU_130,OTU_316,OTU_653
398,OTU_199,OTU_466,OTU_548,OTU_97
399,OTU_261,OTU_1198,OTU_834,OTU_320
400,OTU_418,OTU_324,OTU_211,OTU_593
401,OTU_558,OTU_134,OTU_291,OTU_648
402,OTU_455,OTU_653,OTU_1067,OTU_618
403,OTU_164,OTU_97,OTU_348,OTU_650
404,OTU_252,OTU_320,OTU_701,OTU_1078
405,OTU_693,OTU_618,OTU_939,OTU_874
406,OTU_893,OTU_560,OTU_293,OTU_619
407,OTU_228,OTU_839,OTU_92,OTU_560
408,OTU_871,OTU_539,OTU_947,OTU_351
409,OTU_428,OTU_966,OTU_154,OTU_839
410,OTU_116,OTU_680,OTU_462,OTU_539
411,OTU_277,OTU_1194,OTU_743,OTU_966
412,OTU_530,OTU_808,OTU_292,OTU_949
413,OTU_407,OTU_1035,OTU_488,OTU_679
414,OTU_532,OTU_696,OTU_721,OTU_680
415,OTU_356,OTU_803,OTU_762,OTU_1194
416,OTU_579,OTU_297,OTU_580,OTU_808
417,OTU_411,OTU_983,OTU_108,OTU_818
418,OTU_1050,OTU_610,OTU_1119,OTU_646
419,OTU_503,OTU_697,OTU_881,OTU_631
420,OTU_125,OTU_845,OTU_878,OTU_1048
421,OTU_283,OTU_243,OTU_419,OTU_1035
422,OTU_251,OTU_521,OTU_607,OTU_696
423,OTU_637,OTU_418,OTU_1124,OTU_803
424,OTU_1023,OTU_216,OTU_130,OTU_297
425,OTU_492,OTU_558,OTU_466,OTU_983
426,OTU_629,OTU_455,OTU_1198,OTU_275
427,OTU_649,OTU_164,OTU_324,OTU_569
428,OTU_269,OTU_252,OTU_435,OTU_610
429,OTU_391,OTU_249,OTU_759,OTU_234
430,OTU_777,OTU_693,OTU_134,OTU_628
431,OTU_819,OTU_616,OTU_653,OTU_697
432,OTU_483,OTU_722,OTU_97,OTU_845
433,OTU_235,OTU_228,OTU_320,OTU_243
434,OTU_305,OTU_871,OTU_618,OTU_199
435,OTU_448,OTU_428,OTU_650,OTU_261
436,OTU_51,OTU_116,OTU_619,OTU_1136
437,OTU_149,OTU_277,OTU_560,OTU_1175
438,OTU_943,OTU_530,OTU_351,OTU_1059
439,OTU_520,OTU_407,OTU_839,OTU_521
440,OTU_427,OTU_446,OTU_539,OTU_784
441,OTU_183,OTU_532,OTU_966,OTU_670
442,OTU_202,OTU_356,OTU_679,OTU_545
443,OTU_274,OTU_579,OTU_680,OTU_418
444,OTU_1064,OTU_411,OTU_1194,OTU_216
445,OTU_273,OTU_1050,OTU_808,OTU_558
446,OTU_890,OTU_503,OTU_646,OTU_455
447,OTU_218,OTU_125,OTU_631,OTU_288
448,OTU_278,OTU_283,OTU_1035,OTU_856
449,OTU_617,OTU_251,OTU_696,OTU_590
450,OTU_318,OTU_637,OTU_803,OTU_948
451,OTU_498,OTU_1023,OTU_297,OTU_164
452,OTU_1029,OTU_492,OTU_983,OTU_252
453,OTU_1054,OTU_629,OTU_275,OTU_249
454,OTU_368,OTU_600,OTU_569,OTU_693
455,OTU_90,OTU_649,OTU_610,OTU_1188
456,OTU_301,OTU_269,OTU_234,OTU_896
457,OTU_663,OTU_823,OTU_697,OTU_893
458,OTU_854,OTU_581,OTU_845,OTU_616
459,OTU_374,OTU_391,OTU_243,OTU_1033
460,OTU_655,OTU_777,OTU_199,OTU_722
461,OTU_1132,OTU_819,OTU_261,OTU_228
462,OTU_314,OTU_658,OTU_1136,OTU_871
463,OTU_501,OTU_483,OTU_521,OTU_428
464,OTU_675,OTU_1229,OTU_784,OTU_116
465,OTU_1204,OTU_235,OTU_418,OTU_530
466,OTU_327,OTU_305,OTU_216,OTU_407
467,OTU_420,OTU_448,OTU_558,OTU_356
468,OTU_669,OTU_51,OTU_455,OTU_411
469,OTU_978,OTU_149,OTU_164,OTU_1050
470,OTU_598,OTU_943,OTU_252,OTU_503
471,OTU_533,OTU_520,OTU_249,OTU_125
472,OTU_630,OTU_427,OTU_693,OTU_283
473,OTU_591,OTU_183,OTU_893,OTU_251
474,OTU_965,OTU_202,OTU_616,OTU_637
475,OTU_603,OTU_274,OTU_1033,OTU_492
476,OTU_102,OTU_433,OTU_722,OTU_629
477,OTU_406,OTU_1064,OTU_228,OTU_600
478,OTU_422,OTU_273,OTU_871,OTU_649
479,OTU_138,OTU_890,OTU_428,OTU_269
480,OTU_307,OTU_218,OTU_116,OTU_823
481,OTU_1116,OTU_278,OTU_530,OTU_581
482,OTU_131,OTU_318,OTU_407,OTU_391
483,OTU_220,OTU_498,OTU_446,OTU_777
484,OTU_421,OTU_1029,OTU_532,OTU_819
485,OTU_151,OTU_1054,OTU_356,OTU_658
486,OTU_685,OTU_368,OTU_579,OTU_483
487,OTU_459,OTU_674,OTU_411,OTU_235
488,OTU_645,OTU_90,OTU_1050,OTU_305
489,OTU_221,OTU_301,OTU_503,OTU_448
490,OTU_962,OTU_854,OTU_125,OTU_51
491,OTU_700,OTU_374,OTU_283,OTU_149
492,OTU_684,OTU_655,OTU_251,OTU_943
493,OTU_153,OTU_1132,OTU_1023,OTU_520
494,OTU_640,OTU_314,OTU_492,OTU_427
495,OTU_472,OTU_501,OTU_629,OTU_274
496,OTU_555,OTU_675,OTU_600,OTU_1064
497,OTU_286,OTU_1204,OTU_649,OTU_890
498,OTU_381,OTU_327,OTU_269,OTU_218
499,OTU_699,OTU_420,OTU_823,OTU_278
500,OTU_392,OTU_669,OTU_391,OTU_318
501,OTU_415,OTU_1152,OTU_819,OTU_1029
502,OTU_190,OTU_1129,OTU_658,OTU_1054
503,OTU_796,OTU_978,OTU_483,OTU_368
504,OTU_335,OTU_598,OTU_235,OTU_90
505,OTU_1167,OTU_668,OTU_305,OTU_301
506,OTU_950,OTU_533,OTU_51,OTU_663
507,OTU_938,OTU_630,OTU_149,OTU_374
508,OTU_764,OTU_591,OTU_943,OTU_314
509,OTU_1192,OTU_965,OTU_520,OTU_501
510,OTU_766,OTU_603,OTU_427,OTU_1204
511,OTU_1038,OTU_102,OTU_183,OTU_327
512,OTU_909,OTU_406,OTU_202,OTU_420
513,OTU_1097,OTU_889,OTU_274,OTU_669
514,OTU_733,OTU_258,OTU_433,OTU_1152
515,OTU_841,OTU_422,OTU_1064,OTU_1129
516,OTU_396,OTU_138,OTU_273,OTU_978
517,OTU_627,OTU_884,OTU_890,OTU_598
518,OTU_328,OTU_307,OTU_218,OTU_668
519,OTU_905,OTU_1116,OTU_278,OTU_533
520,OTU_964,OTU_131,OTU_617,OTU_630
521,OTU_951,OTU_945,OTU_318,OTU_591
522,OTU_282,OTU_220,OTU_498,OTU_1181
523,OTU_686,OTU_421,OTU_1029,OTU_965
524,OTU_208,OTU_151,OTU_921,OTU_102
525,OTU_1068,OTU_685,OTU_1054,OTU_406
526,OTU_414,OTU_459,OTU_368,OTU_889
527,OTU_741,OTU_645,OTU_674,OTU_422
528,OTU_361,OTU_221,OTU_90,OTU_138
529,OTU_402,OTU_962,OTU_301,OTU_307
530,OTU_1120,OTU_842,OTU_663,OTU_131
531,OTU_942,OTU_700,OTU_854,OTU_151
532,OTU_575,OTU_684,OTU_374,OTU_685
533,OTU_815,OTU_744,OTU_655,OTU_459
534,OTU_656,OTU_153,OTU_1132,OTU_221
535,OTU_872,OTU_640,OTU_1079,OTU_700
536,OTU_463,OTU_472,OTU_314,OTU_153
537,OTU_106,OTU_555,OTU_501,OTU_640
538,OTU_725,OTU_286,OTU_675,OTU_555
539,OTU_1122,OTU_381,OTU_1204,OTU_699
540,OTU_838,OTU_699,OTU_327,OTU_415
541,OTU_826,OTU_392,OTU_420,OTU_643
542,OTU_692,OTU_415,OTU_669,OTU_190
543,OTU_385,OTU_643,OTU_1152,OTU_335
544,OTU_217,OTU_190,OTU_1129,OTU_938
545,OTU_145,OTU_796,OTU_978,OTU_1192
546,OTU_388,OTU_335,OTU_598,OTU_1097
547,OTU_137,OTU_1167,OTU_668,OTU_733
548,OTU_180,OTU_950,OTU_533,OTU_396
549,OTU_1147,OTU_938,OTU_630,OTU_328
550,OTU_1075,OTU_764,OTU_591,OTU_905
551,OTU_837,OTU_1192,OTU_1181,OTU_964
552,OTU_1060,OTU_756,OTU_965,OTU_208
553,OTU_484,OTU_766,OTU_603,OTU_414
554,OTU_1178,OTU_1038,OTU_102,OTU_361
555,OTU_755,OTU_909,OTU_406,OTU_872
556,OTU_257,OTU_1097,OTU_889,OTU_725
557,OTU_408,OTU_733,OTU_258,OTU_1122
558,OTU_568,OTU_841,OTU_422,OTU_826
559,OTU_882,OTU_396,OTU_138,OTU_692
560,OTU_809,OTU_627,OTU_307,OTU_217
561,OTU_359,OTU_328,OTU_1116,OTU_145
562,OTU_354,OTU_905,OTU_131,OTU_388
563,OTU_1074,OTU_964,OTU_220,OTU_137
564,OTU_811,OTU_951,OTU_421,OTU_1060
565,OTU_452,OTU_208,OTU_151,OTU_484
566,OTU_574,OTU_1068,OTU_685,OTU_1178
567,OTU_736,OTU_741,OTU_459,OTU_257
568,OTU_379,OTU_361,OTU_645,OTU_408
569,OTU_996,OTU_402,OTU_221,OTU_568
570,OTU_661,OTU_942,OTU_842,OTU_809
571,OTU_170,OTU_575,OTU_700,OTU_359
572,OTU_276,OTU_656,OTU_684,OTU_354
573,OTU_479,OTU_463,OTU_153,OTU_1074
574,OTU_355,OTU_106,OTU_640,OTU_811
575,OTU_512,OTU_725,OTU_472,OTU_452
576,OTU_373,OTU_838,OTU_555,OTU_574
577,OTU_184,OTU_826,OTU_381,OTU_382
578,OTU_1127,OTU_692,OTU_392,OTU_736
579,OTU_447,OTU_145,OTU_415,OTU_557
580,OTU_371,OTU_388,OTU_190,OTU_379
581,OTU_311,OTU_137,OTU_335,OTU_996
582,OTU_562,OTU_180,OTU_938,OTU_265
583,OTU_740,OTU_837,OTU_1192,OTU_276
584,OTU_400,OTU_1060,OTU_766,OTU_373
585,OTU_387,OTU_484,OTU_1097,OTU_1127
586,OTU_281,OTU_1178,OTU_396,OTU_400
587,OTU_541,OTU_755,OTU_328,OTU_387
588,OTU_698,OTU_257,OTU_905,OTU_281
589,OTU_343,OTU_408,OTU_964,OTU_912
590,OTU_585,OTU_568,OTU_951,OTU_585
591,OTU_223,OTU_882,OTU_414,OTU_223
592,OTU_564,OTU_809,OTU_361,OTU_564
593,OTU_495,OTU_359,OTU_725,OTU_495
594,OTU_367,OTU_354,OTU_826,OTU_367
595,OTU_410,OTU_1074,OTU_692,OTU_410
596,OTU_898,OTU_811,OTU_385,OTU_310
597,OTU_310,OTU_452,OTU_217,OTU_454
598,OTU_454,OTU_574,OTU_145,OTU_540
599,OTU_540,OTU_382,OTU_388,OTU_830
600,OTU_830,OTU_736,OTU_137,OTU_337
601,OTU_904,OTU_557,OTU_1147,OTU_121
602,OTU_1051,OTU_379,OTU_837,OTU_196
603,OTU_337,OTU_996,OTU_1060,OTU_523
604,OTU_992,OTU_661,OTU_484,OTU_681
605,OTU_638,OTU_265,OTU_1178,OTU_516
606,OTU_587,OTU_377,OTU_257,OTU_380
607,OTU_333,OTU_170,OTU_408,OTU_139
608,OTU_121,OTU_276,OTU_568,OTU_493
609,OTU_792,OTU_727,OTU_882,OTU_1102
610,OTU_565,OTU_479,OTU_809,OTU_846
611,OTU_196,OTU_355,OTU_359,OTU_1022
612,OTU_523,OTU_512,OTU_354,OTU_795
613,OTU_542,OTU_373,OTU_1074,OTU_502
614,OTU_1115,OTU_184,OTU_811,OTU_738
615,OTU_681,OTU_1127,OTU_452,OTU_227
616,OTU_380,OTU_447,OTU_574,OTU_576
617,OTU_242,OTU_371,OTU_382,OTU_215
618,OTU_360,OTU_311,OTU_736,OTU_551
619,OTU_493,OTU_289,OTU_557,OTU_1134
620,OTU_1195,OTU_562,OTU_379,OTU_510
621,OTU_768,OTU_740,OTU_996,OTU_306
622,OTU_708,OTU_400,OTU_661,OTU_346
623,OTU_772,OTU_914,OTU_377,OTU_323
624,OTU_1102,OTU_387,OTU_170,OTU_272
625,OTU_846,OTU_281,OTU_276,OTU_96
626,OTU_1022,OTU_541,OTU_355,OTU_482
627,OTU_344,OTU_698,OTU_512,OTU_588
628,OTU_1082,OTU_343,OTU_373,OTU_765
629,OTU_795,OTU_897,OTU_371,OTU_230
630,OTU_502,OTU_912,OTU_311,OTU_673
631,OTU_1182,OTU_804,OTU_562,OTU_976
632,OTU_738,OTU_585,OTU_740,OTU_390
633,OTU_504,OTU_223,OTU_387,OTU_1036
634,OTU_425,OTU_564,OTU_281,OTU_936
635,OTU_810,OTU_495,OTU_541,OTU_423
636,OTU_215,OTU_367,OTU_698,OTU_1128
637,OTU_998,OTU_410,OTU_343,OTU_1190
638,OTU_510,OTU_898,OTU_912,OTU_739
639,OTU_346,OTU_310,OTU_804,OTU_924
640,OTU_272,OTU_773,OTU_585,OTU_365
641,OTU_96,OTU_454,OTU_223,OTU_213
642,OTU_494,OTU_540,OTU_564,OTU_689
643,OTU_976,OTU_830,OTU_495,OTU_259
644,OTU_390,OTU_904,OTU_367,OTU_573
645,OTU_1036,OTU_1051,OTU_410,OTU_1219
646,OTU_850,OTU_337,OTU_310,OTU_710
647,OTU_703,OTU_404,OTU_454,OTU_676
648,OTU_936,OTU_992,OTU_540,OTU_497
649,OTU_423,OTU_638,OTU_830,OTU_566
650,OTU_1128,OTU_587,OTU_1051,OTU_778
651,OTU_1190,OTU_333,OTU_337,OTU_478
652,OTU_615,OTU_121,OTU_404,OTU_748
653,OTU_731,OTU_792,OTU_638,OTU_899
654,OTU_739,OTU_565,OTU_587,OTU_929
655,OTU_924,OTU_879,OTU_333,OTU_1098
656,OTU_365,OTU_196,OTU_121,OTU_1000
657,OTU_213,OTU_608,OTU_792,OTU_665
658,OTU_384,OTU_769,OTU_565,OTU_666
659,OTU_885,OTU_549,OTU_196,OTU_821
660,OTU_862,OTU_523,OTU_769,OTU_867
661,OTU_689,OTU_542,OTU_523,OTU_559
662,OTU_259,OTU_1115,OTU_542,OTU_1211
663,OTU_573,OTU_681,OTU_1115,OTU_518
664,OTU_625,OTU_516,OTU_681,OTU_866
665,OTU_1219,OTU_380,OTU_516,OTU_813
666,OTU_710,OTU_242,OTU_242,OTU_375
667,OTU_778,OTU_139,OTU_139,OTU_705
668,OTU_709,OTU_788,OTU_788,OTU_331
669,OTU_478,OTU_858,OTU_858,OTU_732
670,OTU_748,OTU_360,OTU_493,OTU_189
671,OTU_974,OTU_493,OTU_708,OTU_412
672,OTU_126,OTU_1195,OTU_772,OTU_95
673,OTU_1000,OTU_768,OTU_1005,OTU_236
674,OTU_665,OTU_708,OTU_1102,OTU_1118
675,OTU_1211,OTU_772,OTU_846,OTU_1157
676,OTU_723,OTU_1005,OTU_1022,OTU_859
677,OTU_375,OTU_1102,OTU_1082,OTU_946
678,OTU_705,OTU_846,OTU_795,OTU_633
679,OTU_331,OTU_1022,OTU_502,OTU_667
680,OTU_412,OTU_344,OTU_1182,OTU_757
681,OTU_236,OTU_1082,OTU_738,OTU_263
682,OTU_1157,OTU_795,OTU_525,OTU_690
683,OTU_782,OTU_502,OTU_227,OTU_449
684,OTU_633,OTU_1182,OTU_504,OTU_601
685,OTU_848,OTU_576,OTU_425,OTU_711
686,OTU_255,OTU_602,OTU_576,OTU_1030
687,OTU_757,OTU_553,OTU_602,OTU_827
688,OTU_263,OTU_215,OTU_506,OTU_1144
689,OTU_711,OTU_998,OTU_887,OTU_264
690,OTU_1030,OTU_761,OTU_505,OTU_193
691,OTU_546,OTU_322,OTU_543,OTU_304
692,OTU_370,OTU_510,OTU_746,OTU_546
693,OTU_378,OTU_346,OTU_553,OTU_370
694,OTU_399,OTU_96,OTU_810,OTU_963
695,OTU_963,OTU_494,OTU_215,OTU_802
696,OTU_791,OTU_376,OTU_724,OTU_791
697,OTU_822,OTU_230,OTU_812,OTU_918
698,OTU_840,OTU_673,OTU_998,OTU_840
699,OTU_1179,OTU_976,OTU_761,OTU_989
700,OTU_476,OTU_390,OTU_551,OTU_1227
701,OTU_880,OTU_703,OTU_1193,OTU_880
702,OTU_986,OTU_936,OTU_1134,OTU_577
703,OTU_577,OTU_1128,OTU_322,OTU_1173
704,OTU_1085,OTU_1190,OTU_510,OTU_563
705,OTU_85,OTU_615,OTU_306,OTU_1209
706,OTU_1062,OTU_739,OTU_346,OTU_1085
707,OTU_960,OTU_365,OTU_323,OTU_626
708,OTU_58,OTU_384,OTU_272,OTU_832
709,OTU_330,OTU_885,OTU_363,OTU_987
710,OTU_726,OTU_862,OTU_96,OTU_1014
711,OTU_793,OTU_689,OTU_482,OTU_85
712,OTU_883,OTU_259,OTU_588,OTU_960
713,OTU_613,OTU_295,OTU_765,OTU_953
714,OTU_849,OTU_573,OTU_494,OTU_828
715,OTU_728,OTU_625,OTU_1086,OTU_58
716,OTU_129,OTU_1219,OTU_376,OTU_509
717,OTU_734,OTU_358,OTU_1077,OTU_330
718,OTU_869,OTU_1040,OTU_230,OTU_726
719,OTU_994,OTU_710,OTU_673,OTU_793
720,OTU_372,OTU_676,OTU_976,OTU_654
721,OTU_270,OTU_497,OTU_390,OTU_979
722,OTU_901,OTU_566,OTU_1036,OTU_883
723,OTU_300,OTU_892,OTU_703,OTU_911
724,OTU_584,OTU_778,OTU_423,OTU_735
725,OTU_500,OTU_1039,OTU_1128,OTU_613
726,OTU_440,OTU_709,OTU_1190,OTU_849
727,OTU_672,OTU_925,OTU_615,OTU_728
728,OTU_398,OTU_1026,OTU_731,OTU_129
729,OTU_547,OTU_478,OTU_739,OTU_1214
730,OTU_1216,OTU_748,OTU_365,OTU_734
731,OTU_353,OTU_995,OTU_213,OTU_869
732,OTU_876,OTU_899,OTU_384,OTU_994
733,OTU_624,OTU_974,OTU_885,OTU_372
734,OTU_917,OTU_929,OTU_862,OTU_395
735,OTU_474,OTU_1028,OTU_689,OTU_1123
736,OTU_847,OTU_1000,OTU_259,OTU_270
737,OTU_651,OTU_666,OTU_295,OTU_465
738,OTU_438,OTU_867,OTU_573,OTU_1218
739,OTU_1001,OTU_559,OTU_1219,OTU_775
740,OTU_321,OTU_518,OTU_358,OTU_1185
741,OTU_266,OTU_723,OTU_1040,OTU_1095
742,OTU_224,OTU_534,OTU_710,OTU_831
743,OTU_527,OTU_866,OTU_676,OTU_480
744,OTU_900,OTU_813,OTU_497,OTU_863
745,OTU_1089,OTU_375,OTU_566,OTU_799
746,OTU_554,OTU_705,OTU_778,OTU_1084
747,OTU_1207,OTU_331,OTU_709,OTU_901
748,OTU_969,OTU_732,OTU_925,OTU_876
749,OTU_894,OTU_1076,OTU_1026,OTU_436
750,OTU_1015,OTU_774,OTU_478,OTU_816
751,OTU_671,OTU_412,OTU_748,OTU_944
752,OTU_977,OTU_95,OTU_899,OTU_1166
753,OTU_1206,OTU_1017,OTU_929,OTU_1210
754,OTU_801,OTU_1157,OTU_1028,OTU_299
755,OTU_1186,OTU_782,OTU_126,OTU_556
756,OTU_915,OTU_716,OTU_1098,OTU_1165
757,OTU_200,OTU_859,OTU_1000,OTU_550
758,OTU_1137,OTU_932,OTU_665,OTU_514
759,OTU_442,OTU_1131,OTU_908,OTU_362
760,OTU_1159,OTU_946,OTU_666,OTU_340
761,OTU_1176,OTU_973,OTU_867,OTU_1197
762,OTU_1231,OTU_633,OTU_559,OTU_688
763,OTU_614,OTU_848,OTU_1211,OTU_718
764,OTU_583,OTU_757,OTU_518,OTU_695
765,OTU_1170,OTU_219,OTU_723,OTU_919
766,OTU_1189,OTU_798,OTU_866,OTU_737
767,OTU_779,OTU_711,OTU_813,OTU_873
768,OTU_1043,OTU_691,OTU_375,OTU_1052
769,OTU_1232,OTU_1155,OTU_705,OTU_1200
770,OTU_578,OTU_1030,OTU_331,OTU_1196
771,OTU_937,OTU_1135,OTU_1076,OTU_1160
772,OTU_537,OTU_264,OTU_774,OTU_1139
773,OTU_1225,OTU_193,OTU_189,OTU_651
774,OTU_783,OTU_260,OTU_412,OTU_1053
775,OTU_345,OTU_304,OTU_95,OTU_920
776,OTU_868,OTU_546,OTU_1017,OTU_1151
777,OTU_1163,OTU_370,OTU_1157,OTU_999
778,OTU_1013,OTU_780,OTU_716,OTU_1220
779,OTU_586,OTU_507,OTU_927,OTU_438
780,OTU_923,OTU_378,OTU_1034,OTU_931
781,OTU_319,OTU_399,OTU_633,OTU_1001
782,OTU_844,OTU_963,OTU_805,OTU_886
783,OTU_1056,OTU_802,OTU_848,OTU_922
784,OTU_1055,OTU_791,OTU_667,OTU_364
785,OTU_647,OTU_918,OTU_255,OTU_321
786,OTU_1093,OTU_822,OTU_757,OTU_266
787,,OTU_840,OTU_263,OTU_865
788,,OTU_1179,OTU_690,OTU_224
789,,OTU_989,OTU_449,OTU_1221
790,,OTU_476,OTU_601,OTU_229
791,,OTU_1227,OTU_711,OTU_900
792,,OTU_880,OTU_1155,OTU_967
793,,OTU_986,OTU_1030,OTU_682
794,,OTU_577,OTU_959,OTU_1207
795,,OTU_1173,OTU_1224,OTU_969
796,,OTU_1201,OTU_827,OTU_1215
797,,OTU_563,OTU_1144,OTU_853
798,,OTU_1037,OTU_1135,OTU_894
799,,OTU_1205,OTU_264,OTU_1177
800,,OTU_1209,OTU_193,OTU_1007
801,,OTU_1085,OTU_260,OTU_1032
802,,OTU_626,OTU_546,OTU_1088
803,,OTU_891,OTU_370,OTU_855
804,,OTU_987,OTU_780,OTU_345
805,,OTU_85,OTU_507,OTU_1162
806,,OTU_913,OTU_378,OTU_844
807,,OTU_1044,OTU_399,OTU_1114
808,,OTU_1062,OTU_963,OTU_491
809,,OTU_960,OTU_802,OTU_940
810,,OTU_953,OTU_791,OTU_201
811,,OTU_828,OTU_918,OTU_155
812,,OTU_58,OTU_822,OTU_1217
813,,OTU_979,OTU_840,OTU_475
,,OTU_883,OTU_476,
,,OTU_911,OTU_880,
,,OTU_735,OTU_577,
,,OTU_613,OTU_563,
,,OTU_728,OTU_1037,
,,OTU_129,OTU_1209,
,,OTU_734,OTU_1085,
,,OTU_869,OTU_413,
,,OTU_994,OTU_626,
,,OTU_372,OTU_832,
,,OTU_395,OTU_891,
,,OTU_1123,OTU_987,
,,OTU_270,OTU_1014,
,,OTU_831,OTU_85,
,,OTU_863,OTU_960,
,,OTU_901,OTU_58,
,,OTU_300,OTU_509,
,,OTU_441,OTU_793,
,,OTU_984,OTU_883,
,,OTU_605,OTU_735,
,,OTU_584,OTU_613,
,,OTU_500,OTU_849,
,,OTU_985,OTU_728,
,,OTU_1020,OTU_994,
,,OTU_440,OTU_372,
,,OTU_786,OTU_395,
,,OTU_975,OTU_270,
,,OTU_672,OTU_465,
,,OTU_991,OTU_863,
,,OTU_1183,OTU_799,
,,OTU_398,OTU_901,
,,OTU_547,OTU_300,
,,OTU_997,OTU_786,
,,OTU_990,OTU_975,
,,OTU_1216,OTU_991,
,,OTU_353,OTU_398,
,,OTU_1230,OTU_997,
,,OTU_876,OTU_1216,
,,OTU_436,OTU_353,
,,OTU_624,OTU_436,
,,OTU_816,OTU_624,
,,OTU_561,OTU_816,
,,OTU_474,OTU_1203,
,,OTU_1053,OTU_944,
,,OTU_438,OTU_1161,
,,OTU_931,OTU_1146,
,,OTU_321,OTU_1166,
,,OTU_266,OTU_917,
,,OTU_781,OTU_1210,
,,OTU_229,OTU_299,
,,OTU_1113,OTU_556,
,,OTU_1207,OTU_1165,
,,OTU_1015,OTU_1174,
,,OTU_1206,OTU_561,
,,OTU_1170,OTU_550,
,,OTU_1189,OTU_474,
,,OTU_779,OTU_847,
,,OTU_729,OTU_514,
,,OTU_760,OTU_688,
,,OTU_817,OTU_920,
,,OTU_928,OTU_1001,
,,OTU_713,OTU_886,
,,OTU_1042,OTU_321,
,,OTU_1153,OTU_224,
,,OTU_857,OTU_527,
,,OTU_1006,OTU_471,
,,OTU_1145,OTU_719,
,,OTU_1072,OTU_781,
,,OTU_1117,OTU_1221,
,,OTU_491,OTU_229,
,,OTU_470,OTU_900,
,,OTU_916,OTU_1089,
,,OTU_888,OTU_730,
,,OTU_751,OTU_952,
,,OTU_752,OTU_1087,
,,OTU_1081,OTU_349,
,,OTU_1108,OTU_554,
,,OTU_1099,OTU_611,
,,OTU_1199,OTU_970,
,,OTU_1107,OTU_1113,
,,OTU_1168,OTU_1158,
,,OTU_829,OTU_967,
,,OTU_1069,OTU_1015,
,,,OTU_200,
,,,OTU_1159,
,,,OTU_797,
,,,OTU_754,
,,,OTU_1231,
,,,OTU_614,
,,,OTU_875,
,,,OTU_1110,
,,,OTU_941,
,,,OTU_1109,
,,,OTU_955,
,,,OTU_1126,
,,,OTU_583,
,,,OTU_578,
,,,OTU_537,
,,,OTU_345,
,,,OTU_770,
,,,OTU_508,
,,,OTU_785,
,,,OTU_1162,
,,,OTU_1013,
,,,OTU_1141,
,,,OTU_771,
,,,OTU_1149,
,,,OTU_902,
,,,OTU_1114,
,,,OTU_888,
,,,OTU_1154,
,,,OTU_1138,
,,,OTU_1150,
,,,OTU_201,
,,,OTU_155,
,,,OTU_475,
